[
  {
    "id": "1",
    "name": "اشتراك نتفلكس بريميوم 1 شهر",
    "description": "جودة 4K",
    "price": 10,
    "image": "/images/netflix.png"
  },
  {
    "id": "2",
    "name": "حساب Spotify عائلي 3 أشهر",
    "description": "موسيقى بدون إعلانات",
    "price": 15,
    "image": "/images/spotify.png"
  },
  {
    "id": "3",
    "name": "VPN مميز سنة",
    "description": "حماية خصوصيتك",
    "price": 25,
    "image": "/images/vpn.png"
  }
]